"","x","","x","","x1","x","","x1","x","","x1","x","","x1","x"
"1",20.9596635306531,"1",0.906260400715157,"1",3.63402319109334,4.57970936168535,"1",3.69970374740403,3.88075332536737,"1",3.99437963398154,2.86414961984678,"1",4.47218155611123,3.25905106178483
"2",19.0816973476849,"2",0.983550533604886,"2",2.87606855683538,4.41290949855973,"2",4.08078496409438,3.84821830895784,"2",5.10047777709399,3.07589828298281,"2",2.65033454191166,3.0453712712608
"3",18.7602788504087,"3",0.856436616026342,"3",4.75449978950732,4.67213116531057,"3",1.43405564009777,4.0413817055691,"3",3.82112680352471,3.0174089741765,"3",4.10117505577696,3.166722265423
"4",18.4100075843757,"4",0.83814262344848,"4",3.24397244073697,4.5139596750917,"4",5.53165556459276,3.995849482352,"4",2.2128548179796,2.90229443604793,"4",3.78288359542417,2.96575070807451
"5",15.8362612966733,"5",0.930443732119337,"5",5.22834586820326,4.69642339153393,"5",3.41474921703053,3.80595643267023,"5",3.45363068412824,2.97326030288321,"5",4.695536926755,3.12823282897292
"6",19.8253239700202,"6",0.806349046689613,"6",3.14060109197403,4.51469575993884,"6",4.99171106639786,3.92494672799247,"6",3.3674784763409,2.97920879829372,"6",1.89640868894861,2.90227554184347
"7",15.6952866219545,"7",0.95350565097806,"7",3.68362953084656,4.55669141545798,"7",3.67332009840468,3.83753040046315,"7",2.44501130421457,2.92987481011845,"7",4.43462296652338,3.11245665366095
"8",20.2607271072178,"8",0.869827984084527,"8",2.02843127203914,4.47317112883137,"8",3.96658778887754,3.93956446581144,"8",3.60219100647616,3.10570685244729,"8",3.41391375323605,3.0611332565736
"9",15.4543925049314,"9",0.910319043100629,"9",2.3546372731578,4.53297989379165,"9",2.85015566091977,4.06260411661238,"9",3.05676087989603,3.0151620612038,"9",2.67466389180065,3.03521569430892
"10",18.9447689140919,"10",0.87314792678631,"10",2.66713603051728,4.41828391354777,"10",1.86668066735574,3.84785009303081,"10",3.52706224126459,2.9567660234645,"10",3.02036769250239,3.04186064162433
"11",17.2679529901801,"11",0.808409565312101,"11",2.39575104846614,4.52164727468985,"11",3.97648782570439,3.82235337468086,"11",3.5855796961263,2.94376258964894,"11",2.51321127129258,2.88256217219666
"12",15.7138898865546,"12",0.914931175210557,"12",2.00898207797423,4.4382463424791,"12",4.23504013607706,4.04807318034006,"12",1.83839794316732,2.93962190287908,"12",3.14804781693631,2.96031296718745
"13",20.8763197907705,"13",0.926329607455454,"13",4.01014214565498,4.43153241123288,"13",5.64741716813204,3.94265365210942,"13",3.78574716325482,2.98841633323465,"13",2.37439897880225,2.91178418906759
"14",18.8021609960246,"14",0.904331848165786,"14",4.58614483535197,4.56521706043688,"14",4.29462836641183,3.90623234374224,"14",3.94841097289045,2.93263332777684,"14",3.4974026361157,3.07754394066694
"15",15.0610645577728,"15",0.856646404958332,"15",5.18046732216402,4.57477080832322,"15",4.84111579031483,3.99113439729115,"15",5.86105901565135,3.07904247378833,"15",3.97764724220181,3.05275066781203
"16",19.2545073979645,"16",0.895584570784844,"16",3.52701561303255,4.48623609237301,"16",3.64276328730064,3.91341028827947,"16",4.0794345786879,3.00873150642542,"16",3.81977438785255,3.11092328115468
"17",18.978486744586,"17",0.922999041162306,"17",4.92415428406892,4.62711350917632,"17",2.52954771836174,3.85899681451248,"17",3.57286622160374,3.04756738341845,"17",4.14843352915798,3.22751784324841
"18",18.3998293414455,"18",0.845000403489205,"18",3.95659135485447,4.50250524047307,"18",4.03090728610345,3.84310529540803,"18",3.07380483758032,2.9801715727361,"18",3.86048397229016,3.07066056612797
"19",16.5799645692274,"19",0.926637729367989,"19",2.80507142407969,4.41643345389133,"19",3.63305873624815,3.90694093532729,"19",4.66803186003949,3.09264140115405,"19",2.53326675276412,2.89592574748595
"20",19.1476246667304,"20",0.950580402386893,"20",4.63637511728507,4.59716146644128,"20",3.39783892072397,3.901036930719,"20",4.01933245986794,2.93589409465788,"20",0.914354973162884,2.88115291199109
"21",18.6449865840374,"21",0.88627553496705,"21",4.67034353017713,4.61418873905897,"21",4.97419593372456,3.89691773748197,"21",4.87604172620763,3.01119727966217,"21",3.18594030680997,2.96597721356105
"22",20.0975923616621,"22",0.850931651287651,"22",4.76397685168215,4.52793176220305,"22",3.23978760313053,4.00443084544314,"22",4.71728167186435,2.92530657514072,"22",1.74683210154507,2.90888007033337
"23",14.622667048482,"23",0.848830984379373,"23",3.60393018045821,4.46639684072917,"23",3.00856531510067,3.78561178761611,"23",3.43130852554214,3.11550305259735,"23",2.64297589342407,2.95537811464309
"24",21.6317594267135,"24",0.929249160438179,"24",1.78324198635044,4.4242427541004,"24",4.35474273912558,3.85804186112094,"24",5.04082326020921,3.0017709457654,"24",3.49024364530136,3.02278753916455
"25",19.4908264859938,"25",0.829845413565168,"25",3.15091743337826,4.39348881313215,"25",1.16262122511722,3.87642998533936,"25",3.60479950884158,3.00054730846065,"25",2.49267042210395,2.93015954046158
"26",20.2374616073536,"26",0.880971189726896,"26",3.29547383258919,4.48541419201277,"26",4.1369130953687,3.88344965583172,"26",3.87015838233563,3.06173269327856,"26",3.00244007251613,2.99277480443209
"27",22.1528327914772,"27",0.840372202762214,"27",4.79029648682105,4.70089943090683,"27",2.60810665772787,3.89973493870459,"27",3.49735029597164,2.86706463831964,"27",3.44988258660062,2.9722578322943
"28",14.4949948999766,"28",0.946562227520162,"28",2.18590340170788,4.46983085420578,"28",2.24093177389906,3.95466630746146,"28",2.93856651549841,3.02848653579391,"28",2.73532612323924,2.91854642764068
"29",21.5691525693535,"29",0.905024830164427,"29",2.84645158345166,4.50238409989352,"29",4.21072473670918,3.90065317027402,"29",4.43139469874571,3.1622535008738,"29",2.35524908806231,3.02819617179043
"30",19.4503107445752,"30",0.866316070077389,"30",2.37817418467641,4.48180468352213,"30",5.06336900770871,3.94453178021641,"30",2.44226262470546,2.92980418710764,"30",1.41303996893237,2.77769842376395
"31",21.0951963399266,"31",0.993756336717757,"31",2.20747795032285,4.48271076944358,"31",3.34325333284373,3.83915677350574,"31",3.96244304719917,2.89424818222201,"31",2.5610058699367,2.92675771323028
"32",27.9593878596146,"32",0.9963256902112,"32",4.20294601634504,4.58846078485518,"32",2.80486520602053,3.81821296462238,"32",2.02032432147736,2.91649176587471,"32",1.69866057495825,2.80047364488174
"33",16.0595177296553,"33",0.900326717409582,"33",3.76983558021415,4.47507425515943,"33",3.88300576824038,3.89196769155281,"33",3.89165495784091,3.01814972052277,"33",2.97069498874727,2.95268677089372
"34",17.2779161341997,"34",0.985872528476612,"34",4.11139750933254,4.60161906569481,"34",4.82839181851258,3.95706543820968,"34",5.0037182219595,3.12588424969016,"34",4.28749243356692,2.95506066250741
"35",19.4921645555066,"35",0.91020347588607,"35",2.77892640607313,4.55994335308934,"35",3.01025276745623,3.89757414400422,"35",5.41382396980526,3.11455884143805,"35",2.90586434081998,2.87115632010801
"36",24.1334544305314,"36",0.936968155997084,"36",4.40154408021573,4.58061977938933,"36",4.0906786377594,3.83312722517508,"36",3.52030008846045,2.84719268424426,"36",2.25632762032147,2.95848822700746
"37",14.1112091325619,"37",0.886081754414579,"37",3.4597586246101,4.46255357672484,"37",4.28067127834237,3.96564875419156,"37",4.67538709326412,2.98738072254173,"37",4.65463002696047,3.20579037644062
"38",17.3582497847155,"38",0.90387570892981,"38",4.43423341179945,4.61193186121868,"38",5.04796637679856,3.8280672977893,"38",2.89050759523061,2.92119154581923,"38",3.48021664057489,3.13388041263915
"39",18.2174492592739,"39",0.911781793886694,"39",3.8883897976976,4.5447277016167,"39",2.71612719535787,3.94663953052958,"39",3.77027431865923,2.94476751020969,"39",2.99789611679689,2.85089047271003
"40",20.0982966507723,"40",0.864817118507438,"40",2.61667078733231,4.40479396124034,"40",0.938110198406475,3.86751402921884,"40",5.35289278591534,3.05365638091761,"40",3.54856914566815,3.04267783704618
"41",17.1072345460279,"41",0.985336886568969,"41",2.34410766559031,4.50849250407391,"41",3.89156360124275,3.84467783892367,"41",3.90034487302852,2.95528145665446,"41",2.7111330333165,2.93604328109164
"42",17.6341532941595,"42",0.907469179227687,"42",2.40290646440471,4.33350836656397,"42",2.60141439578929,3.89588909651114,"42",4.31453713257609,3.06667995080699,"42",6.28020360960974,3.34555969275787
"43",18.9725933131633,"43",0.895660171980481,"43",3.28314894545165,4.48179603949968,"43",4.79117373133535,3.88815471758172,"43",2.86338914503849,2.98436407817536,"43",3.51189936111867,3.05253408509863
"44",13.2072540633274,"44",0.898673118916533,"44",2.72539452598705,4.44134228609353,"44",2.78779022683059,3.88581989669112,"44",3.48248779188488,2.9173984170274,"44",4.07553880394782,3.17989531607716
"45",21.1161238156338,"45",0.966241460339515,"45",1.73327335016512,4.41044001547038,"45",3.64073612897748,3.86196229767067,"45",4.6324599508152,2.94434519066054,"45",3.76850764684792,3.18966703124686
"46",21.2409497699632,"46",0.934828221948528,"46",3.56634723378662,4.37015608973925,"46",5.8531647936642,3.94363165594087,"46",4.98697736994163,3.02897466973685,"46",1.33255751543581,2.84590152557833
"47",26.2399398921919,"47",0.934875098445775,"47",3.68112593195696,4.76301170650246,"47",3.40292683704154,3.87677785807639,"47",2.8747770638704,2.97377039809391,"47",3.77806308869383,3.14805504648131
"48",23.7841087588366,"48",0.912786576883807,"48",4.39571038273517,4.62371455255351,"48",3.09234840926037,4.00011409170377,"48",4.06525221230243,2.98180035662983,"48",2.96690763001649,2.93278092648919
"49",22.538607362643,"49",0.925950838233186,"49",2.8285648448141,4.52149731877387,"49",2.84168493754553,3.85149040489654,"49",2.28732753607047,2.78102488080692,"49",1.6481044792235,2.88929044764402
"50",15.1013443390734,"50",0.942378969768311,"50",4.75759162093943,4.53840577285777,"50",4.15777432006289,3.95073373931724,"50",3.9360900858265,3.04567465267674,"50",3.21998874141963,2.95142220796084
"51",18.8462019407331,"51",0.861998108881431,"51",2.90851490418245,4.52862257894361,"51",1.88597515562749,3.86094683050614,"51",3.36666761608588,2.89617924198768,"51",3.41650787786902,3.16095812100141
"52",17.9130326514232,"52",0.877825945103934,"52",3.66458344255945,4.53831259860639,"52",2.70381028607439,3.87971219646992,"52",3.7248020936714,3.13991833193631,"52",3.4597606197256,3.07005145368011
"53",19.1665958606213,"53",0.893954719573348,"53",2.94672704693081,4.42127115106505,"53",3.87840506877045,3.95183429312891,"53",4.2190051584915,3.07631007180355,"53",1.81666018586508,2.84687211732086
"54",18.884518687891,"54",0.821000133951687,"54",2.3410361776567,4.52972588356677,"54",3.44161967304543,3.89425100691455,"54",3.53858029746736,2.84431451495696,"54",1.33804062920113,2.78856599593792
"55",17.2677132020005,"55",0.934674777210437,"55",3.42003826819379,4.43311966329067,"55",2.6545171120192,3.93368395049373,"55",4.01625564910949,3.09268289510011,"55",2.91611252942599,3.09023018428573
"56",18.6331649588832,"56",0.987548654940907,"56",1.98755049284876,4.40836826413356,"56",2.49634079695388,3.87514259855842,"56",4.45694147982897,3.01188762968807,"56",1.93118647209804,3.011430336037
"57",16.2396897604096,"57",0.900668009356223,"57",1.97933323410704,4.27628843126021,"57",3.79606286933593,3.90774815061705,"57",2.68794311901286,2.89617981611537,"57",4.01788111526475,3.20774063565258
"58",17.711869077999,"58",0.900132102043004,"58",3.33237813340066,4.49051864044387,"58",3.62856047350992,4.02007907167313,"58",3.93548237609911,2.92405125917954,"58",3.24604547280681,2.97467503257048
"59",15.833615810855,"59",0.960129701218666,"59",2.6835567864689,4.49467416544083,"59",3.13639352355838,3.83056128904458,"59",3.40958505302874,3.02576907549103,"59",3.31444368161339,2.96923446958153
"60",20.0419632738647,"60",0.860871362643208,"60",4.11292662041052,4.46224977070827,"60",3.36725331439467,3.88427948587974,"60",2.42751375474879,2.93701788141118,"60",3.56848167449213,3.07710157485244
"61",22.6550958598067,"61",0.857728603962969,"61",3.22266478051895,4.46828330318997,"61",3.07451433772576,3.8944994592256,"61",2.49316283433681,3.06268344512985,"61",2.84405926865058,3.07113095469823
"62",16.6320935520705,"62",0.944628229949176,"62",3.6145688879988,4.50930664755988,"62",5.56117080604759,3.85837183317943,"62",2.95952263595198,2.99805137142074,"62",2.45197440785561,3.05590136785004
"63",17.2280605159557,"63",0.924123406671849,"63",1.49497692476495,4.43177035244572,"63",3.62105590700967,3.97466765127587,"63",3.65207536583218,3.10826409596064,"63",1.89792925042873,2.92289150538635
"64",24.0207691379847,"64",0.867758277289437,"64",3.39941136241298,4.4534426151497,"64",2.30749008257857,3.76425044335504,"64",1.59434290617001,3.0018887510346,"64",2.21351934144658,3.0564704063957
"65",24.6476907849393,"65",0.911294980352296,"65",4.9052068414861,4.60462374900062,"65",3.4497025567378,3.91273902707217,"65",4.59713412740968,2.93702210095971,"65",3.79793196740572,2.98336021739698
"66",18.0463819166093,"66",0.921050919570055,"66",3.10894703152859,4.42419421414276,"66",2.24389851536683,3.89295121893154,"66",2.88896263913742,2.96865351898223,"66",1.5539612449414,2.82793920961238
"67",20.2845184861468,"67",0.796150678659352,"67",3.62517505374377,4.43318453426932,"67",1.55691455247289,3.83627678596266,"67",2.33779986716117,2.9380211971617,"67",3.0495985030343,3.11115396497177
"68",18.3845389428008,"68",1.0051402844819,"68",3.42491743437422,4.47479792607421,"68",2.12298613481939,3.88274885442821,"68",3.75573467766731,2.9215028075112,"68",2.99949726575956,2.96485572938706
"69",19.3007711633769,"69",0.925345134799019,"69",2.7274029948946,4.49159434864181,"69",2.98742799062978,3.98484105422742,"69",1.91845661052535,2.84910422994265,"69",2.47260677060595,3.05666109373837
"70",21.2364622106915,"70",0.867361768451586,"70",2.12555088829443,4.37604797504063,"70",4.49046581764655,3.97438335680916,"70",3.38044134165909,3.01095522197344,"70",4.86777396121251,3.25663873585203
"71",12.7122595431986,"71",0.943875242190296,"71",3.61218657760573,4.50336300995193,"71",2.66571480601529,3.90322282549029,"71",4.0656489571764,3.13677630995069,"71",3.97477353042895,3.15905105863817
"72",22.583747488296,"72",0.802441865964265,"72",3.88595271021959,4.67599553966121,"72",1.83360114698979,4.00550998778368,"72",3.34168014887244,3.03405070098968,"72",1.75563606976311,2.91869405263191
"73",17.5648500266912,"73",0.870554633540419,"73",3.03255144144458,4.42852837107154,"73",3.85288899481014,3.90962876134774,"73",3.30681194674784,3.05056989889403,"73",3.64500379620111,3.09741931015458
"74",15.6199769580425,"74",0.849004026589675,"74",3.26851122968989,4.48654683941223,"74",3.84829789001447,3.94815208151781,"74",2.98772292082443,3.03006819189552,"74",2.85557567231896,2.94421303594963
"75",24.4104093927512,"75",0.859803815639308,"75",2.99690054912315,4.4646116501539,"75",4.25041083294612,3.90314539008234,"75",5.11876587429414,2.97221628633896,"75",2.81913689308678,2.97883703233094
"76",14.3573032492525,"76",0.826703905573328,"76",3.5733060590112,4.40270512191298,"76",3.49143021483245,3.79600193680801,"76",2.06915194811663,2.89586804904086,"76",2.80869962066481,2.97345173385201
"77",19.7530846001328,"77",0.914298780162057,"77",3.82517839923091,4.4482103496638,"77",3.67379664249143,3.94683455734621,"77",3.32589522613712,3.04673240554051,"77",3.45736222521832,3.07854917466213
"78",21.6695808113225,"78",0.953495783711051,"78",3.29583161069715,4.38054572388541,"78",4.13814179799178,3.86889061349822,"78",5.2125347977499,3.08830224245525,"78",3.63708581291001,3.21608468756725
"79",18.1855273664733,"79",0.987557860177916,"79",4.3448574776865,4.57742196488344,"79",3.73783046069482,3.94194147427685,"79",5.21913647020358,3.08297702921416,"79",2.90317815497063,2.95487036132855
"80",20.2312583801881,"80",0.902248046480154,"80",5.12448534396779,4.58721984937867,"80",3.98732759049976,3.9650497410757,"80",3.66389586327018,2.97541238397153,"80",1.53392373999546,2.85279228939802
"81",16.810122591505,"81",0.919061321884278,"81",4.39529836193962,4.47441227431223,"81",3.08770008226039,3.93273141098406,"81",3.6804864662509,3.09209034794126,"81",2.52698699646488,3.05325468372572
"82",16.3425900492466,"82",0.831853729494098,"82",2.28477627988623,4.34812412428626,"82",3.29505417347618,3.85087566852037,"82",2.27097490052192,2.96839440891286,"82",3.39823627096229,3.02605763331592
"83",18.3409139434441,"83",0.905649706012006,"83",3.22404194200769,4.42111097958095,"83",4.6628497719114,3.9674749483418,"83",3.8241475825638,3.09339995031072,"83",3.30846396488337,3.0725231878544
"84",21.90011733161,"84",0.875620417896333,"84",1.99125358287478,4.40495675843514,"84",4.15517427821744,3.87422172856306,"84",3.00037984229976,2.92624376505613,"84",3.0880634576769,3.02845695709214
"85",20.6208388411197,"85",0.883246400347418,"85",3.33071798214423,4.44992017328651,"85",4.35708535132491,4.06981289700056,"85",4.23854329188165,2.95694591776366,"85",2.10185346625536,2.91931065747341
"86",17.9173666434164,"86",0.947728988248588,"86",3.23703154428164,4.52918603672484,"86",3.48790417726708,4.0502560175754,"86",5.21205159700325,3.03852512572574,"86",3.96921325979343,3.05111145314847
"87",19.9165504761494,"87",0.852626210779584,"87",4.13871789132315,4.51925456325944,"87",2.46801796740407,3.72223384118253,"87",3.5344870197407,3.07199749689937,"87",1.56409574313338,2.92985848028699
"88",18.4581398971211,"88",0.826633691876181,"88",2.98586320610223,4.7909274435011,"88",1.80993270336654,3.99485352220402,"88",3.4655096612545,2.99336186400147,"88",2.92390725065384,3.14080237634413
"89",20.4339861685309,"89",0.840060733488697,"89",3.23992543743519,4.6043800216705,"89",3.69761725788722,3.87007630398813,"89",5.37805619149462,3.04258498564634,"89",2.50745703070917,2.9280803341838
"90",18.0163544217539,"90",0.886836839916778,"90",4.36146791913516,4.4892005067937,"90",4.11854410556598,3.96994633447858,"90",5.48567686459136,3.08313282066698,"90",2.790342517633,3.02148767161435
"91",14.7476226415494,"91",0.834374105711759,"91",2.82248222156989,4.41868911863032,"91",1.39247594046259,3.84100040855081,"91",4.23006537365165,3.2119888790964,"91",3.88127061561831,3.20902185109675
"92",22.4427423732066,"92",0.927472045249368,"92",3.93943848611467,4.48456443167236,"92",3.87600429266108,4.00901503874876,"92",3.04457035839186,3.02060628498125,"92",3.39314988901354,3.01487337294457
"93",16.6004264856744,"93",0.872190273866566,"93",5.017767267026,4.62506223091054,"93",2.73932341495108,3.87731084429975,"93",4.69736851384915,3.22932906762979,"93",3.54178204929793,2.89553316143146
"94",20.9262959223199,"94",0.827508827426329,"94",2.79173976706296,4.56343193425872,"94",2.9989243018692,3.82856708889883,"94",4.25697639063466,2.8728294823428,"94",2.82169759522096,2.88194517715287
"95",23.6171773408945,"95",0.973618811543203,"95",3.47851880549742,4.61644454321831,"95",4.13873460178342,3.81272793433226,"95",0.320989110520112,2.96760301315473,"95",5.65313095019969,3.24788517952108
"96",18.8385375287998,"96",0.93959502120198,"96",3.12626985795485,4.62737945299689,"96",2.8355020003783,3.94457263463171,"96",3.55645235333876,3.09158198145806,"96",0.537943796301372,2.75085457195277
"97",20.3642956051748,"97",0.92974810289509,"97",3.87993986406988,4.4708284396756,"97",2.20640570042775,3.78823181702195,"97",3.22190032662415,2.97390975626068,"97",2.3850953879758,2.97773505310601
"98",22.6580428736041,"98",0.818616849494551,"98",4.93641731575885,4.54212733299474,"98",2.69693942322078,3.95956295091011,"98",3.6369322087914,2.88504738330348,"98",3.05813580597558,3.06182346460421
"99",19.5732446310238,"99",0.855897022244038,"99",2.13070930920558,4.44722621031216,"99",3.15571904477589,4.00178488170104,"99",4.46698847982547,3.08566801509454,"99",2.4420584211758,3.03068914437551
"100",19.5971158804373,"100",0.931199332979315,"100",3.52520831981646,4.49375410096476,"100",2.14061803500927,3.83447489488227,"100",2.31434530029015,2.79871034088824,"100",2.48843442763277,2.92596423927188
"101",21.9661665652115,"101",0.863432289985667,"101",6.10003711686892,4.65638589532729,"101",2.96711925248706,4.0070901825297,"101",1.75938295311229,2.89371013131178,"101",2.12240155663086,2.98592260575986
"102",16.5330092992176,"102",0.790273922522602,"102",5.43963445957904,4.53616401682689,"102",2.29591230083276,3.93476392026752,"102",4.85555748575497,2.92990355438734,"102",2.11571403223138,2.99614199769563
"103",17.7507768962347,"103",0.827627620789886,"103",3.78605833048412,4.42938562853561,"103",1.98602655661676,3.9059265921601,"103",3.47923822354382,3.06687953730024,"103",1.31634181132514,2.88075769553164
"104",23.3656512211387,"104",0.9427188370336,"104",3.6283269852442,4.5392427044296,"104",3.41614430410288,3.86637148302943,"104",3.79283916754333,2.99862462560069,"104",3.406411468189,3.07878137244554
"105",17.9417154490622,"105",0.848862706076487,"105",2.82887025935625,4.46800222111573,"105",2.88038349470967,3.81386030363686,"105",4.04978705791655,3.03436125858617,"105",1.56727760831461,2.85966702677482
"106",18.8517775214411,"106",0.833792743751416,"106",2.07172594186874,4.5039451177248,"106",4.85829530582141,3.83600018815266,"106",2.2726124442529,2.91503462627333,"106",2.52046168821944,2.85879191395994
"107",19.8575150046358,"107",0.866310014739602,"107",3.71857923009901,4.60899943670028,"107",3.49355726013965,3.86549163373777,"107",3.89155802003275,2.98367868583422,"107",2.91726712436533,2.90537264872447
"108",21.4602791313976,"108",0.888443392377224,"108",3.68586354838316,4.57638998105512,"108",2.26747390080794,3.84885575149121,"108",4.11891397692668,2.9789673400693,"108",2.52972723389416,2.9699095560233
"109",20.7585235169762,"109",0.985976336448095,"109",1.78067943592258,4.35730598527635,"109",3.41291303214633,3.69295006423906,"109",3.58390009450972,2.92063195226699,"109",3.42090539538778,3.02144285092976
"110",19.2776697502205,"110",0.920299405790605,"110",3.93152072400738,4.49799745795404,"110",0.847218219051852,3.83589580870727,"110",4.26940847824478,3.10619976417285,"110",4.08564222565801,3.26267303300711
"111",21.2664997260602,"111",0.863885790068642,"111",3.18855998876049,4.46126204414763,"111",5.56434512905018,3.82089723368426,"111",3.71160754472745,2.98626065031426,"111",1.07682525096567,2.76523940981205
"112",19.468975837442,"112",0.911993689122798,"112",4.29213747753406,4.5843516744793,"112",2.25253584160616,3.94526136847894,"112",4.10796287808531,3.12562273899204,"112",2.71735000909528,2.89114230384458
"113",16.0568552746197,"113",0.851111096565796,"113",3.16992150465566,4.46512999695257,"113",4.01243805755151,3.99457371875972,"113",4.16642722661089,2.99534067880502,"113",2.7414363171836,2.92764948510079
"114",15.8425198751155,"114",0.859394386479741,"114",3.54023153182423,4.46568072920042,"114",2.91628999586304,3.95454602147512,"114",4.19079983577931,3.12392935243248,"114",2.79978426645845,3.09414852860023
"115",17.3106707947334,"115",0.912001306310786,"115",2.16497721783746,4.40605060841662,"115",5.09781590526398,3.99680272117862,"115",4.10545101181235,2.9025128014169,"115",3.71852272346977,3.08131466931716
"116",21.1334676438942,"116",0.986520066845343,"116",2.48970473473348,4.48678253120168,"116",3.83250695216479,3.92218048993628,"116",2.26605791154559,2.91310282812511,"116",1.62662924006634,2.88739106564119
"117",24.8383674026229,"117",0.804584098916373,"117",4.56016184947087,4.64247798835388,"117",3.07681435492249,3.87737876870864,"117",3.40398175404696,3.08658869444196,"117",3.81422524818126,2.98501017827236
"118",21.3170074033591,"118",0.928632246893124,"118",3.91506002278204,4.56183798063695,"118",2.44919571388696,3.91850673496997,"118",5.27543750809021,3.10235765208021,"118",2.39494746538498,2.93619786078835
"119",17.2579443778773,"119",0.904836374652147,"119",3.13719035456389,4.49891463261244,"119",2.46645825526725,3.87203532586729,"119",4.61388239676094,3.08391020417392,"119",3.27078194893929,2.93964626720747
"120",18.944880019542,"120",0.891783874175988,"120",4.49988374129855,4.60327378736257,"120",2.66548664930096,3.85823666897977,"120",3.39857696914784,3.04016073162873,"120",4.22698734269346,3.09889485329316
"121",21.1462317891453,"121",0.839965759653083,"121",3.20552374014642,4.53196098292332,"121",2.77035308322938,3.88590042888223,"121",5.12086370081615,2.91878875762577,"121",3.15579930569401,3.00848139023694
"122",17.2086392124782,"122",0.816348771517754,"122",1.38366757464778,4.29244781745534,"122",4.77202787147131,3.86440316320877,"122",3.07231659733697,2.9784894164331,"122",4.28799412642654,3.06898749903007
"123",21.1061500912209,"123",0.922055126567248,"123",2.89638828279172,4.64777454391509,"123",4.27743908858625,4.10816322676364,"123",0.854606558623125,2.93671079387894,"123",1.11562067606558,2.81825586626094
"124",24.125556686511,"124",0.885788914763643,"124",2.55455237907562,4.43142827418023,"124",3.20560276093942,3.96119193160105,"124",1.57930980034387,3.00308731654844,"124",2.61146273441298,2.94160819291467
"125",20.1458682323997,"125",0.985153926934992,"125",2.24405723946736,4.32549822953064,"125",2.48791731695366,3.80825301156802,"125",2.42283971852942,2.97485048324481,"125",2.73471681220757,2.94713222006665
"126",16.2392000488613,"126",0.799880058552029,"126",3.40362661568668,4.53970821250278,"126",1.95851169880754,3.71455688111168,"126",4.07707466910514,3.09068440911526,"126",1.41201594381005,2.73047372792212
"127",20.7485378786798,"127",0.956693758625098,"127",2.41995447330743,4.48763097814981,"127",2.44557508956115,3.87369169989725,"127",2.91368445386455,2.92247711440165,"127",3.08036719513874,3.00806977324939
"128",17.1736619128067,"128",0.855498162259818,"128",2.68084725197351,4.41959728685009,"128",3.57892632825434,3.88575357234631,"128",2.49900992671882,3.08825651098872,"128",2.90568400071423,3.02423411288091
"129",17.6432358910266,"129",0.92859241812393,"129",4.809278350397,4.51545846980557,"129",1.68520210483391,3.85524009541914,"129",4.48354089119304,3.01752194945105,"129",4.31193846986305,3.08259601312473
"130",19.181731621359,"130",0.870715939393417,"130",2.69125130154657,4.49207546817699,"130",2.62917445219623,4.05400160732279,"130",2.98305544694034,2.98936295808218,"130",2.09807585965794,2.79798818223685
"131",18.4133466484019,"131",0.897866022172551,"131",4.29554153558265,4.58362243910073,"131",3.75641099299939,3.91686235183476,"131",3.28184370331009,2.91253366817829,"131",3.46188894506027,3.03142611756447
"132",17.1327137934352,"132",0.944515756241664,"132",2.16614086072051,4.51585935682882,"132",2.24755130684632,3.87729775125502,"132",2.75084529185122,2.86332002924687,"132",4.46879637403943,3.24222082529411
"133",19.3947608871454,"133",0.858138453661223,"133",3.38445543919022,4.45328867189282,"133",4.28182105066176,3.91772228979832,"133",2.85877817315164,3.05439095067425,"133",4.12573372753412,3.03026131742966
"134",22.8209175438232,"134",0.817130579341607,"134",2.55773385298119,4.36360983975471,"134",3.16914126777281,3.83557764279742,"134",3.55644948123089,3.08523575753479,"134",3.00380485646288,2.99916164362792
"135",15.6718381991438,"135",0.945469379637464,"135",3.47886475571461,4.5384571394518,"135",3.15761138169932,3.85574549287858,"135",2.16311875259131,3.05769637258802,"135",4.85089128880068,3.13604971769515
"136",21.4330620945793,"136",0.877071865092522,"136",1.73823238869108,4.35566842341913,"136",5.06277636392839,4.01399065323693,"136",4.6549809943858,3.03274386959194,"136",3.9445527982738,3.1472927334342
"137",17.9516720541805,"137",0.951808771699629,"137",2.4428761918759,4.5000459913858,"137",1.35232054896114,3.79975632694799,"137",5.47064740869233,2.94559064635784,"137",2.62645906255428,2.95458751749377
"138",16.0500752172029,"138",0.84052019473115,"138",2.35387606073288,4.48497772816358,"138",3.79587005220023,3.95789605011869,"138",2.09606079173462,2.95327219596477,"138",3.86039113694327,3.09742909903815
"139",16.8475198577693,"139",0.914165982019205,"139",3.44398999112543,4.41117005968807,"139",4.17530303060129,3.78393956198871,"139",3.14308266421128,2.9975998528891,"139",3.67337056612739,3.02914280033867
"140",18.7856723347312,"140",0.910888893638493,"140",4.16317067656998,4.60992017238156,"140",3.10071546283082,3.94911766739865,"140",4.65417871036799,3.05853938426446,"140",3.60208100864832,3.11853849669781
"141",20.664703511057,"141",0.830088981750418,"141",2.33474506655642,4.44253570900142,"141",3.59558890761832,3.93884435105167,"141",2.07147130463146,3.05022531914999,"141",1.71752166233195,2.89445958346002
"142",23.3685435187355,"142",0.8617460425358,"142",4.08937081041888,4.47399041607876,"142",3.29852607114707,3.86405219459717,"142",4.33035665542211,3.03928606531183,"142",3.6454268791198,3.01085654437899
"143",20.3842942770587,"143",0.826745587788493,"143",2.96577849467167,4.53231459937175,"143",2.47447655198344,3.8411993772107,"143",4.91898783249104,3.01189133093898,"143",2.32559703473969,3.08104388980522
"144",19.6016737463293,"144",0.90812121292106,"144",2.46174004442665,4.35805898177024,"144",3.76515862617738,3.83868409309583,"144",4.58394069618686,3.07941166517914,"144",1.92421887592676,2.77088580513486
"145",19.5002385632453,"145",1.03302559116554,"145",3.45775477291273,4.50204470600737,"145",1.80016940661001,3.90155127889184,"145",4.3161226831739,3.13268091425929,"145",2.20418443510456,2.85429152524238
"146",19.0210719076905,"146",0.873911239813679,"146",3.11674116571914,4.48073608441822,"146",3.61410911001922,3.90162989277742,"146",4.23551366401493,3.04746865990822,"146",3.4240757619858,3.05163162835133
"147",23.2086094942271,"147",0.809639024965138,"147",3.88740066129596,4.53301598055571,"147",4.03446357106387,3.93937358131011,"147",3.65934854822999,2.94485542890902,"147",4.45593015124015,3.01826929579174
"148",19.8228131295771,"148",0.909142089548425,"148",3.73888689345487,4.5347178423668,"148",2.89731278868793,3.84184808185905,"148",4.2181875974718,3.13549751808691,"148",1.86920812310588,2.77304814525898
"149",19.8701729758728,"149",0.918434977094391,"149",2.09576606552667,4.40344144731663,"149",3.57870613714852,3.99235028628619,"149",5.78839233093704,3.02353875018986,"149",3.56028586110355,3.10505833214278
"150",17.7905707452484,"150",0.910498953167961,"150",4.2612564996918,4.57813557769593,"150",4.17879633514518,3.8661602363634,"150",3.36557801825723,2.89884679717677,"150",2.84165857251704,2.90628907297609
"151",17.2625150945359,"151",0.825266240945367,"151",3.4354773518001,4.59381687727132,"151",5.16074588748118,3.99623606370008,"151",2.8910415139731,2.91695377557865,"151",4.70252036519524,3.17286916142772
"152",21.2501341248111,"152",0.965690084335721,"152",4.53193702511516,4.57158690529037,"152",3.13547972263298,4.06763811940512,"152",4.02032734150782,2.99836209282724,"152",2.95700280431502,2.9878420203262
"153",18.9602431904189,"153",0.931170817797426,"153",3.99188307488597,4.55973527240873,"153",2.78075903258673,3.90469656816726,"153",3.81552513788817,2.91772546388311,"153",2.35819610677587,2.81596119434149
"154",17.8579522799902,"154",0.895259914284873,"154",4.21948965781199,4.61898860497863,"154",3.19996409913378,3.92956041195281,"154",2.76135320136083,2.83824002753252,"154",2.5893656322911,3.0665554018987
"155",16.2740167748482,"155",0.874137418265502,"155",4.55007456460858,4.5681965928062,"155",4.00502924958757,3.84959964432437,"155",4.28857850413405,2.98020367347358,"155",1.45406389436727,2.83397196923127
"156",17.3071504047014,"156",0.880037620381766,"156",5.47557726674387,4.69192700429753,"156",3.22660761265648,3.85617624338212,"156",3.23356623046655,2.99573593555696,"156",3.4322691223874,3.19212579371225
"157",19.4274127814233,"157",0.907351541106045,"157",3.83148739451487,4.56126440970667,"157",1.26812266224336,3.84317975755562,"157",1.95649478704143,2.97559953824867,"157",2.72126662502556,2.84850642994902
"158",20.2753027415844,"158",0.892600712080314,"158",3.67866233576158,4.64338400103422,"158",2.29396739901332,3.79579508055137,"158",3.41771393935426,3.00291568893003,"158",3.39442786983105,2.99371491729782
"159",17.980913621812,"159",0.875378637112847,"159",1.97891142804554,4.29676733160189,"159",3.49982744573444,3.91752577869893,"159",5.16152272069382,3.01405374946012,"159",3.475378036627,3.03797108309834
"160",19.2378734848463,"160",0.831386439852432,"160",2.98344101847655,4.3999603370267,"160",3.49587153931958,3.85356656314404,"160",3.29630114891012,3.03361954610415,"160",1.19087113214175,2.8421093110044
"161",15.414537935103,"161",0.953144672246119,"161",2.66821252892841,4.63273409149826,"161",3.70070182473951,3.80369455496115,"161",3.21724352205189,3.03884374247623,"161",2.02648845323485,2.99263399563623
"162",16.4037203375753,"162",1.00907110218957,"162",5.12018491689298,4.60654431102924,"162",3.03200816334775,3.91805934794116,"162",4.41716424963366,2.99829593641482,"162",3.4551489050737,3.06651362619342
"163",16.6319285092076,"163",0.973552780514027,"163",2.91155135356223,4.41880157304977,"163",4.08276370942742,3.92989150214541,"163",2.48115993670216,3.05480492756095,"163",2.45529356969708,2.90846140179401
"164",18.8851823581404,"164",0.902606072154705,"164",2.55161713694356,4.4352746498812,"164",2.14445054489118,3.93842166389706,"164",1.51823196523558,3.02525199410188,"164",2.10462411066423,2.8717609629691
"165",19.8261978109685,"165",0.849681040857824,"165",3.94364927609109,4.46400439356799,"165",4.96975042248374,3.9966888343562,"165",4.76029375518113,3.01924150609902,"165",3.22059161281948,3.0658871171535
"166",15.4781363163681,"166",0.808654297257418,"166",1.9901119395071,4.45887761490373,"166",3.57013667182145,3.8061099109985,"166",2.09469979636382,3.01569970267268,"166",1.77853641443946,2.85100142662132
"167",15.711252366471,"167",0.90462505646697,"167",4.1970051791543,4.4999682704367,"167",2.31936171825602,4.06676617106035,"167",2.81398851051209,2.972488518151,"167",5.12122446117519,3.22357651852149
"168",14.1155201269545,"168",0.888269677088032,"168",3.22210208246242,4.4854863569012,"168",3.0492839150575,3.91625337700961,"168",3.29942331949551,3.03299320165067,"168",0.105301665898095,2.88942067348684
"169",16.7699119227285,"169",0.853132245639338,"169",1.87826854533047,4.39576996034672,"169",3.09843752860549,3.84502165472549,"169",3.64798462436258,2.99870180194174,"169",3.65189153431681,3.07334330846741
"170",18.35574591362,"170",0.87330704393055,"170",3.97547985991063,4.46172878061537,"170",2.97009492818812,3.91600115552843,"170",3.50496777242994,2.899308837144,"170",3.15170114752756,3.01802076893916
"171",14.8859288423799,"171",0.840325910368823,"171",2.83620729030987,4.41442457346559,"171",3.1637782274647,3.96586650094107,"171",1.4511960188924,2.90308815276966,"171",3.984492209634,3.07775120948754
"172",19.3144985709974,"172",0.856158084226763,"172",2.9198797700361,4.46796058554011,"172",1.46135733745584,3.87074768698098,"172",3.10903836213361,3.026835996666,"172",4.09235808322843,3.06243618812422
"173",24.2144940077842,"173",0.905284628138071,"173",2.27559121892417,4.48173740390834,"173",1.48147908252992,3.9443832254356,"173",2.72836268017132,3.06601926980652,"173",3.28175283849339,3.00979775899934
"174",15.5742772870714,"174",0.910473385944613,"174",4.0072286951712,4.55362679731489,"174",3.73703386848124,4.02127019701129,"174",3.17817191140953,3.04975036638162,"174",1.65569085513529,2.92468399746279
"175",19.4990495719527,"175",0.977403927921477,"175",4.31454079629275,4.42246238164859,"175",3.65299138456722,3.81946675042217,"175",1.91701638203761,2.89677877613421,"175",1.90992475776316,2.87807855824886
"176",18.6364697375196,"176",0.914400892392332,"176",3.12154732382347,4.48051808186079,"176",3.81650727972186,3.89407624586597,"176",2.87543586061245,3.01292593698188,"176",3.50590400992923,3.09077313910151
"177",17.6923936515038,"177",0.950952350032938,"177",4.23481491906933,4.48750293002525,"177",3.5324741044356,3.82228373688455,"177",3.38636904960936,3.02152730181985,"177",2.86044088786171,3.06316589089144
"178",21.9428696989204,"178",0.867089949755371,"178",1.57889529792797,4.29695848825587,"178",1.885421610397,3.97568176330757,"178",4.12670778766187,2.99592377581839,"178",3.65923747232276,3.06689084411604
"179",20.6646372074043,"179",0.863260168311714,"179",4.45788301381217,4.41322487864475,"179",5.33268535856932,3.91198847075244,"179",4.97446549252705,3.06899483136812,"179",3.51874850967207,2.97804860220638
"180",17.9274620029661,"180",0.860502760694835,"180",4.67702120841527,4.6099238469231,"180",3.88790069382861,3.87256833498904,"180",4.13178855082595,3.01358327067557,"180",2.08435016019513,2.84795051092607
"181",15.8595013932893,"181",0.85034614086396,"181",3.83566473824254,4.41192924796255,"181",2.25737692276669,3.78791627662936,"181",3.10131465791753,3.07013788255032,"181",0.815579525921847,2.8087811440715
"182",16.6676945485404,"182",0.959361372978786,"182",3.26612059364129,4.52877427415242,"182",2.84109398296956,3.73576519238649,"182",1.8516435352704,2.88220327235328,"182",2.26670897455419,2.84755625774589
"183",20.3818469197182,"183",0.941731308093583,"183",4.02961769555216,4.37981348408208,"183",4.15671879566256,3.89232494816907,"183",3.91188740523571,2.99735332684883,"183",2.67298422605912,3.04622069311206
"184",16.687924287333,"184",0.916896255321023,"184",3.93715172533581,4.42980580791289,"184",2.86748331030112,3.79420863838272,"184",4.46240605240553,3.03038973834509,"184",3.73984238581979,2.96454445817436
"185",18.7606287240147,"185",0.742307748517553,"185",3.40254114417817,4.52110041586409,"185",3.27301716159223,3.84208407322928,"185",4.21667650629543,3.11997247492448,"185",2.89850404953157,2.83468540823278
"186",20.394418525553,"186",0.900628893795161,"186",3.5478983145014,4.52394456700265,"186",3.3237776110739,3.82158792491421,"186",5.22874901137875,3.0196618784797,"186",3.17266834217036,3.07043442385895
"187",24.9575653521883,"187",0.861102897542542,"187",2.13629838400882,4.40101878214401,"187",3.61459724203141,3.89513286332915,"187",2.91254995190364,3.01357996985455,"187",3.79052986582637,3.10142522050237
"188",20.6905490466179,"188",0.828252080547667,"188",4.84711420568792,4.58583044502523,"188",4.06160250641259,3.7988800632728,"188",2.267917906618,2.98939876125907,"188",3.17500345764647,3.0267630982507
"189",20.2101362872608,"189",0.901698429678796,"189",5.39742377556119,4.62300146198051,"189",5.36709064883832,3.96791245046799,"189",3.09270591820564,2.85805163091106,"189",4.18390219998999,3.11612546410456
"190",23.3294584116266,"190",0.830966155292102,"190",3.80426536882599,4.43013416979927,"190",4.58284903474423,3.88733099781207,"190",2.96964674285765,2.95662931629833,"190",2.0594074717181,2.9254783735783
"191",20.8197472652257,"191",0.923766501481961,"191",2.61224422336226,4.48776382882054,"191",1.85347791624948,3.89276044493032,"191",4.0312058545999,2.97649374904042,"191",3.20622141838389,2.99053495332577
"192",19.5340036494737,"192",0.934786170636791,"192",5.21007589896041,4.655712726325,"192",4.89314449728042,3.86169627623517,"192",4.94762321416076,2.99670285459164,"192",1.04896118998432,2.85353088012002
"193",18.3845115201629,"193",0.930857275760273,"193",4.21762494494025,4.50825288074905,"193",1.57925254943139,3.86112701137801,"193",4.3650214999638,2.95716848339034,"193",3.65396229031382,3.05791012868379
"194",21.838441623203,"194",0.917084934093973,"194",3.98089976111053,4.47780328238342,"194",3.99604735760092,3.96833832822003,"194",1.82234776219721,2.90195561526763,"194",3.80740272817561,2.99908715668358
"195",17.6627381407859,"195",0.957256145111011,"195",1.73252998282044,4.51438233014258,"195",3.08566296838528,3.92100899070364,"195",3.68222110379028,2.95762610671235,"195",3.99031935418684,3.06490083560814
"196",16.3944181735194,"196",0.96823955567361,"196",2.04049027561278,4.58807494077569,"196",4.64953154162366,3.96710915406027,"196",4.32706773110301,3.11241298836473,"196",3.65000817270996,3.14581386125419
"197",17.7116376107045,"197",0.921234155252532,"197",2.71639945721473,4.37217492501385,"197",2.3567758583416,3.95396275386537,"197",4.54265586981841,3.06671680077282,"197",3.71078620788728,2.9569460784368
"198",20.2331504878277,"198",0.885014091759281,"198",3.02317723796201,4.4843992273748,"198",2.51872890082403,3.91439846090582,"198",4.25853601807682,3.0313187911851,"198",4.81340883837279,3.2616861379005
"199",18.1330878663968,"199",0.849667661335046,"199",3.58395726254055,4.49382516702207,"199",3.86320919776076,3.82398638413962,"199",3.53127844484046,3.04315236993301,"199",3.52452692192523,2.88907448920768
"200",17.0775987461049,"200",0.882848341055193,"200",2.96863844951909,4.47060217675292,"200",4.90736524942242,3.98151081042841,"200",4.09686930851768,3.06987699419762,"200",1.32594912964658,2.90484392404499